path	sha256
	e3b0c44298fc1c149afbf4c8996fb92427ae41e4649b934ca495991b7852b855
bin/wine	3dd8a8b195df5f6c6a06babe6e312395fd8fc5057010a9efbffaf2e8a87aa355
bin/wineserver	9da573723d1d38e9e57e65076fb5919a35ce6a881bf2f9b7237116c4b2027de9
lib/wine/	e3b0c44298fc1c149afbf4c8996fb92427ae41e4649b934ca495991b7852b855
lib/wine/aarch64-unix/ntdll.so	5888a9b9a1dad70a52ad2cfc0d40ab31112ec04ba9ab44870b13da3eb6d58c1e
lib/wine/aarch64-unix/opengl32.so	6d11cb0f6ce0c852d03812846700811b4e14f667f9e1ab584c9206b7ee19f03d
lib/wine/aarch64-unix/win32u.so	cad675617f911e245bad1a0eb1376c6bd9c74bfa2dd39ec0b545072eefe209d2
lib/wine/aarch64-unix/wine	9af8642cf9c8b94006ef1a3679060f88be732d56277d9f6c533770345ec8be20
lib/wine/aarch64-windows/kernel32.dll	46f79cd8380558669c602dfc039dbf23e705bb232e17bfec1a2c9a5533f93c3d
lib/wine/aarch64-windows/kernelbase.dll	5cd1a544db3ee76c9aebc843f56336423d876ff51fd3b70cb4955654c4fbfa18
lib/wine/aarch64-windows/ntdll.dll	d7024f45bb295251667b312c952f3020a17557038cc7b2d0be58d4b44dfd1fa8
lib/wine/aarch64-windows/win32u.dll	af3e84f09f10c4272a87a7b9f97004f7e0a5b82dc3752a5670bf2ed38a842819
lib/wine/aarch64-windows/windowscodecs.dll	879084ce6c1b55158d3dcf63a77f36a9c85420ae05ddf296379b7fb94fae41bc
lib/wine/aarch64-windows/wined3d.dll	1c83ca65736a8db2b93edbd14bc9bab633f33f35eec7041f0212c6c18b201ddd
lib/wine/aarch64-windows/wow64.dll	ced7e1c88d815226359f33e1a82d58085ae38ab5a6b3ead2dc3e34b44bca8f53
lib/wine/aarch64-windows/wow64win.dll	9da72152ac06a0220b681ef98ca47c9d6d208e20882e842bb41c377e77fdee73
lib/wine/i386-windows/kernel32.dll	4029f63a359ca78ac3aae778abc841daefc1c2d70c3c904c9b6ca9c1e608cda3
lib/wine/i386-windows/kernelbase.dll	f6701d7d08e08544c1dee0d40453516d67ffa859f34953c9fc18f218d34a72b4
lib/wine/i386-windows/ntdll.dll	4ca56d33b79b39e9c0c125f7e14bd2c701bf489ed62c9b8b9fe9f4a606d94bcf
lib/wine/i386-windows/win32u.dll	0284ebdc16281af24236b245fabfec71f494317dffc1e388cef2e722eb607062
lib/wine/i386-windows/windowscodecs.dll	0fba934bb31ef1a174a59bfa70d77fdcf7442f2907965f113c14b256354b7f34
lib/wine/i386-windows/wined3d.dll	1a0a292df93f590dd644d0ed6f5cd7d64e224954c3ce176b0fafa17c4fec334b
lib/wine/x86_64-windows/kernel32.dll	af3b15ff1479e3f2b842a3e656f7f65c39705e96df6daabca24c132f305bb499
lib/wine/x86_64-windows/kernelbase.dll	ecf1d6328cbe63aeeb94bd94f3761fdc009704328ea7aa90209d5c9db90c2b66
lib/wine/x86_64-windows/ntdll.dll	ea74cd2a05dafbd706998da6268f29ca7db96e5d2aa83838565b2c41e53f2477
lib/wine/x86_64-windows/win32u.dll	cf1ac257b71911b3036ab7efcd1c3a715f8ab449bcfc29addbfbc3f46339ff50
lib/wine/x86_64-windows/windowscodecs.dll	b299a513a381adb74d69c0ba84199a47e3a03eb6fd5a2d9430366ff929cb8309
lib/wine/x86_64-windows/wined3d.dll	b318d7daf1cc9869f86f33e17303dc8f5d6e2a023be0adad9305493702a4d36f
lib/wine/x86_64-windows/wow64.dll	65c5577961d8d4829d59cac475086cd9e3beaa4eb580eec6b50df981bac5c326
lib/wine/x86_64-windows/wow64cpu.dll	46667be320e6a7f1b53bbab351856a9da32e20c4804599b0147c776405afb261
lib/wine/x86_64-windows/wow64win.dll	6b6457eb0ab05b3f473039782722c1a8c303a1126f2617332eceb40b8246401c
share/wine/	e3b0c44298fc1c149afbf4c8996fb92427ae41e4649b934ca495991b7852b855
